BEGIN TRANSACTION;
CREATE TABLE "account_emailaddress" ("id" integer NOT NULL PRIMARY KEY AUTOINCREMENT, "verified" bool NOT NULL, "primary" bool NOT NULL, "user_id" integer NOT NULL REFERENCES "auth_user" ("id") DEFERRABLE INITIALLY DEFERRED, "email" varchar(254) NOT NULL);
CREATE TABLE "account_emailconfirmation" ("id" integer NOT NULL PRIMARY KEY AUTOINCREMENT, "created" datetime NOT NULL, "sent" datetime NULL, "key" varchar(64) NOT NULL UNIQUE, "email_address_id" integer NOT NULL REFERENCES "account_emailaddress" ("id") DEFERRABLE INITIALLY DEFERRED);
CREATE TABLE "auth_group" ("id" integer NOT NULL PRIMARY KEY AUTOINCREMENT, "name" varchar(150) NOT NULL UNIQUE);
CREATE TABLE "auth_group_permissions" ("id" integer NOT NULL PRIMARY KEY AUTOINCREMENT, "group_id" integer NOT NULL REFERENCES "auth_group" ("id") DEFERRABLE INITIALLY DEFERRED, "permission_id" integer NOT NULL REFERENCES "auth_permission" ("id") DEFERRABLE INITIALLY DEFERRED);
CREATE TABLE "auth_permission" ("id" integer NOT NULL PRIMARY KEY AUTOINCREMENT, "content_type_id" integer NOT NULL REFERENCES "django_content_type" ("id") DEFERRABLE INITIALLY DEFERRED, "codename" varchar(100) NOT NULL, "name" varchar(255) NOT NULL);
INSERT INTO "auth_permission" VALUES(1,1,'add_logentry','Can add log entry');
INSERT INTO "auth_permission" VALUES(2,1,'change_logentry','Can change log entry');
INSERT INTO "auth_permission" VALUES(3,1,'delete_logentry','Can delete log entry');
INSERT INTO "auth_permission" VALUES(4,1,'view_logentry','Can view log entry');
INSERT INTO "auth_permission" VALUES(5,3,'add_permission','Can add permission');
INSERT INTO "auth_permission" VALUES(6,3,'change_permission','Can change permission');
INSERT INTO "auth_permission" VALUES(7,3,'delete_permission','Can delete permission');
INSERT INTO "auth_permission" VALUES(8,3,'view_permission','Can view permission');
INSERT INTO "auth_permission" VALUES(9,2,'add_group','Can add group');
INSERT INTO "auth_permission" VALUES(10,2,'change_group','Can change group');
INSERT INTO "auth_permission" VALUES(11,2,'delete_group','Can delete group');
INSERT INTO "auth_permission" VALUES(12,2,'view_group','Can view group');
INSERT INTO "auth_permission" VALUES(13,4,'add_user','Can add user');
INSERT INTO "auth_permission" VALUES(14,4,'change_user','Can change user');
INSERT INTO "auth_permission" VALUES(15,4,'delete_user','Can delete user');
INSERT INTO "auth_permission" VALUES(16,4,'view_user','Can view user');
INSERT INTO "auth_permission" VALUES(17,5,'add_contenttype','Can add content type');
INSERT INTO "auth_permission" VALUES(18,5,'change_contenttype','Can change content type');
INSERT INTO "auth_permission" VALUES(19,5,'delete_contenttype','Can delete content type');
INSERT INTO "auth_permission" VALUES(20,5,'view_contenttype','Can view content type');
INSERT INTO "auth_permission" VALUES(21,6,'add_session','Can add session');
INSERT INTO "auth_permission" VALUES(22,6,'change_session','Can change session');
INSERT INTO "auth_permission" VALUES(23,6,'delete_session','Can delete session');
INSERT INTO "auth_permission" VALUES(24,6,'view_session','Can view session');
INSERT INTO "auth_permission" VALUES(25,7,'add_site','Can add site');
INSERT INTO "auth_permission" VALUES(26,7,'change_site','Can change site');
INSERT INTO "auth_permission" VALUES(27,7,'delete_site','Can delete site');
INSERT INTO "auth_permission" VALUES(28,7,'view_site','Can view site');
INSERT INTO "auth_permission" VALUES(29,8,'add_emailaddress','Can add email address');
INSERT INTO "auth_permission" VALUES(30,8,'change_emailaddress','Can change email address');
INSERT INTO "auth_permission" VALUES(31,8,'delete_emailaddress','Can delete email address');
INSERT INTO "auth_permission" VALUES(32,8,'view_emailaddress','Can view email address');
INSERT INTO "auth_permission" VALUES(33,9,'add_emailconfirmation','Can add email confirmation');
INSERT INTO "auth_permission" VALUES(34,9,'change_emailconfirmation','Can change email confirmation');
INSERT INTO "auth_permission" VALUES(35,9,'delete_emailconfirmation','Can delete email confirmation');
INSERT INTO "auth_permission" VALUES(36,9,'view_emailconfirmation','Can view email confirmation');
INSERT INTO "auth_permission" VALUES(37,10,'add_socialaccount','Can add social account');
INSERT INTO "auth_permission" VALUES(38,10,'change_socialaccount','Can change social account');
INSERT INTO "auth_permission" VALUES(39,10,'delete_socialaccount','Can delete social account');
INSERT INTO "auth_permission" VALUES(40,10,'view_socialaccount','Can view social account');
INSERT INTO "auth_permission" VALUES(41,11,'add_socialapp','Can add social application');
INSERT INTO "auth_permission" VALUES(42,11,'change_socialapp','Can change social application');
INSERT INTO "auth_permission" VALUES(43,11,'delete_socialapp','Can delete social application');
INSERT INTO "auth_permission" VALUES(44,11,'view_socialapp','Can view social application');
INSERT INTO "auth_permission" VALUES(45,12,'add_socialtoken','Can add social application token');
INSERT INTO "auth_permission" VALUES(46,12,'change_socialtoken','Can change social application token');
INSERT INTO "auth_permission" VALUES(47,12,'delete_socialtoken','Can delete social application token');
INSERT INTO "auth_permission" VALUES(48,12,'view_socialtoken','Can view social application token');
INSERT INTO "auth_permission" VALUES(49,13,'add_booking','Can add booking');
INSERT INTO "auth_permission" VALUES(50,13,'change_booking','Can change booking');
INSERT INTO "auth_permission" VALUES(51,13,'delete_booking','Can delete booking');
INSERT INTO "auth_permission" VALUES(52,13,'view_booking','Can view booking');
INSERT INTO "auth_permission" VALUES(53,14,'add_listing','Can add listing');
INSERT INTO "auth_permission" VALUES(54,14,'change_listing','Can change listing');
INSERT INTO "auth_permission" VALUES(55,14,'delete_listing','Can delete listing');
INSERT INTO "auth_permission" VALUES(56,14,'view_listing','Can view listing');
INSERT INTO "auth_permission" VALUES(57,15,'add_listingimage','Can add listing image');
INSERT INTO "auth_permission" VALUES(58,15,'change_listingimage','Can change listing image');
INSERT INTO "auth_permission" VALUES(59,15,'delete_listingimage','Can delete listing image');
INSERT INTO "auth_permission" VALUES(60,15,'view_listingimage','Can view listing image');
INSERT INTO "auth_permission" VALUES(61,16,'add_platformnotification','Can add platform notification');
INSERT INTO "auth_permission" VALUES(62,16,'change_platformnotification','Can change platform notification');
INSERT INTO "auth_permission" VALUES(63,16,'delete_platformnotification','Can delete platform notification');
INSERT INTO "auth_permission" VALUES(64,16,'view_platformnotification','Can view platform notification');
INSERT INTO "auth_permission" VALUES(65,17,'add_userdocument','Can add user document');
INSERT INTO "auth_permission" VALUES(66,17,'change_userdocument','Can change user document');
INSERT INTO "auth_permission" VALUES(67,17,'delete_userdocument','Can delete user document');
INSERT INTO "auth_permission" VALUES(68,17,'view_userdocument','Can view user document');
INSERT INTO "auth_permission" VALUES(69,18,'add_usernotificationread','Can add user notification read');
INSERT INTO "auth_permission" VALUES(70,18,'change_usernotificationread','Can change user notification read');
INSERT INTO "auth_permission" VALUES(71,18,'delete_usernotificationread','Can delete user notification read');
INSERT INTO "auth_permission" VALUES(72,18,'view_usernotificationread','Can view user notification read');
INSERT INTO "auth_permission" VALUES(73,19,'add_userprofile','Can add user profile');
INSERT INTO "auth_permission" VALUES(74,19,'change_userprofile','Can change user profile');
INSERT INTO "auth_permission" VALUES(75,19,'delete_userprofile','Can delete user profile');
INSERT INTO "auth_permission" VALUES(76,19,'view_userprofile','Can view user profile');
INSERT INTO "auth_permission" VALUES(77,20,'add_listing','Can add listing');
INSERT INTO "auth_permission" VALUES(78,20,'change_listing','Can change listing');
INSERT INTO "auth_permission" VALUES(79,20,'delete_listing','Can delete listing');
INSERT INTO "auth_permission" VALUES(80,20,'view_listing','Can view listing');
INSERT INTO "auth_permission" VALUES(81,21,'add_message','Can add message');
INSERT INTO "auth_permission" VALUES(82,21,'change_message','Can change message');
INSERT INTO "auth_permission" VALUES(83,21,'delete_message','Can delete message');
INSERT INTO "auth_permission" VALUES(84,21,'view_message','Can view message');
CREATE TABLE "auth_user" ("id" integer NOT NULL PRIMARY KEY AUTOINCREMENT, "password" varchar(128) NOT NULL, "last_login" datetime NULL, "is_superuser" bool NOT NULL, "username" varchar(150) NOT NULL UNIQUE, "last_name" varchar(150) NOT NULL, "email" varchar(254) NOT NULL, "is_staff" bool NOT NULL, "is_active" bool NOT NULL, "date_joined" datetime NOT NULL, "first_name" varchar(150) NOT NULL);
INSERT INTO "auth_user" VALUES(1,'pbkdf2_sha256$1200000$T6lGjAQsTGyAXHqgbbj0SG$BdONlxCOQ23vgtOMr6E8PpUOjjToB9k9/Gji2mxv9wI=','2026-03-28 23:05:19.417095',0,'johnsmith@gmail.com','smith','johnsmith@gmail.com',0,1,'2026-03-28 23:05:18.244989','john');
CREATE TABLE "auth_user_groups" ("id" integer NOT NULL PRIMARY KEY AUTOINCREMENT, "user_id" integer NOT NULL REFERENCES "auth_user" ("id") DEFERRABLE INITIALLY DEFERRED, "group_id" integer NOT NULL REFERENCES "auth_group" ("id") DEFERRABLE INITIALLY DEFERRED);
CREATE TABLE "auth_user_user_permissions" ("id" integer NOT NULL PRIMARY KEY AUTOINCREMENT, "user_id" integer NOT NULL REFERENCES "auth_user" ("id") DEFERRABLE INITIALLY DEFERRED, "permission_id" integer NOT NULL REFERENCES "auth_permission" ("id") DEFERRABLE INITIALLY DEFERRED);
CREATE TABLE "bookings_booking" ("id" integer NOT NULL PRIMARY KEY AUTOINCREMENT, "start_date" date NOT NULL, "end_date" date NOT NULL, "approved" bool NOT NULL, "user_id" integer NOT NULL REFERENCES "auth_user" ("id") DEFERRABLE INITIALLY DEFERRED, "created_at" datetime NOT NULL, "listing_id" bigint NOT NULL REFERENCES "core_listing" ("id") DEFERRABLE INITIALLY DEFERRED);
CREATE TABLE "core_listing" ("id" integer NOT NULL PRIMARY KEY AUTOINCREMENT, "title" varchar(255) NOT NULL, "description" text NOT NULL, "location" varchar(255) NOT NULL, "available" bool NOT NULL, "created_at" datetime NOT NULL, "owner_id" integer NOT NULL REFERENCES "auth_user" ("id") DEFERRABLE INITIALLY DEFERRED, "category" varchar(50) NOT NULL, "price_per_day" decimal NOT NULL, "price_per_hour" decimal NULL, "body_style" varchar(64) NOT NULL, "fuel_type" varchar(32) NOT NULL, "hero_image_url" varchar(500) NOT NULL, "mileage_km" integer unsigned NOT NULL CHECK ("mileage_km" >= 0), "seats" smallint unsigned NOT NULL CHECK ("seats" >= 0), "transmission" varchar(32) NOT NULL, "verification_status" varchar(20) NOT NULL);
CREATE TABLE "core_listingimage" ("id" integer NOT NULL PRIMARY KEY AUTOINCREMENT, "image" varchar(100) NOT NULL, "uploaded_at" datetime NOT NULL, "listing_id" bigint NOT NULL REFERENCES "core_listing" ("id") DEFERRABLE INITIALLY DEFERRED);
CREATE TABLE "django_admin_log" ("id" integer NOT NULL PRIMARY KEY AUTOINCREMENT, "object_id" text NULL, "object_repr" varchar(200) NOT NULL, "action_flag" smallint unsigned NOT NULL CHECK ("action_flag" >= 0), "change_message" text NOT NULL, "content_type_id" integer NULL REFERENCES "django_content_type" ("id") DEFERRABLE INITIALLY DEFERRED, "user_id" integer NOT NULL REFERENCES "auth_user" ("id") DEFERRABLE INITIALLY DEFERRED, "action_time" datetime NOT NULL);
CREATE TABLE "django_content_type" ("id" integer NOT NULL PRIMARY KEY AUTOINCREMENT, "app_label" varchar(100) NOT NULL, "model" varchar(100) NOT NULL);
INSERT INTO "django_content_type" VALUES(1,'admin','logentry');
INSERT INTO "django_content_type" VALUES(2,'auth','group');
INSERT INTO "django_content_type" VALUES(3,'auth','permission');
INSERT INTO "django_content_type" VALUES(4,'auth','user');
INSERT INTO "django_content_type" VALUES(5,'contenttypes','contenttype');
INSERT INTO "django_content_type" VALUES(6,'sessions','session');
INSERT INTO "django_content_type" VALUES(7,'sites','site');
INSERT INTO "django_content_type" VALUES(8,'account','emailaddress');
INSERT INTO "django_content_type" VALUES(9,'account','emailconfirmation');
INSERT INTO "django_content_type" VALUES(10,'socialaccount','socialaccount');
INSERT INTO "django_content_type" VALUES(11,'socialaccount','socialapp');
INSERT INTO "django_content_type" VALUES(12,'socialaccount','socialtoken');
INSERT INTO "django_content_type" VALUES(13,'bookings','booking');
INSERT INTO "django_content_type" VALUES(14,'core','listing');
INSERT INTO "django_content_type" VALUES(15,'core','listingimage');
INSERT INTO "django_content_type" VALUES(16,'users','platformnotification');
INSERT INTO "django_content_type" VALUES(17,'users','userdocument');
INSERT INTO "django_content_type" VALUES(18,'users','usernotificationread');
INSERT INTO "django_content_type" VALUES(19,'users','userprofile');
INSERT INTO "django_content_type" VALUES(20,'listings','listing');
INSERT INTO "django_content_type" VALUES(21,'messaging','message');
CREATE TABLE "django_migrations" ("id" integer NOT NULL PRIMARY KEY AUTOINCREMENT, "app" varchar(255) NOT NULL, "name" varchar(255) NOT NULL, "applied" datetime NOT NULL);
INSERT INTO "django_migrations" VALUES(1,'contenttypes','0001_initial','2026-03-28 23:03:31.045881');
INSERT INTO "django_migrations" VALUES(2,'auth','0001_initial','2026-03-28 23:03:31.072881');
INSERT INTO "django_migrations" VALUES(3,'account','0001_initial','2026-03-28 23:03:31.101881');
INSERT INTO "django_migrations" VALUES(4,'account','0002_email_max_length','2026-03-28 23:03:31.122881');
INSERT INTO "django_migrations" VALUES(5,'account','0003_alter_emailaddress_create_unique_verified_email','2026-03-28 23:03:31.151396');
INSERT INTO "django_migrations" VALUES(6,'account','0004_alter_emailaddress_drop_unique_email','2026-03-28 23:03:31.184565');
INSERT INTO "django_migrations" VALUES(7,'account','0005_emailaddress_idx_upper_email','2026-03-28 23:03:31.212132');
INSERT INTO "django_migrations" VALUES(8,'account','0006_emailaddress_lower','2026-03-28 23:03:31.237350');
INSERT INTO "django_migrations" VALUES(9,'account','0007_emailaddress_idx_email','2026-03-28 23:03:31.268995');
INSERT INTO "django_migrations" VALUES(10,'account','0008_emailaddress_unique_primary_email_fixup','2026-03-28 23:03:31.289226');
INSERT INTO "django_migrations" VALUES(11,'account','0009_emailaddress_unique_primary_email','2026-03-28 23:03:31.305878');
INSERT INTO "django_migrations" VALUES(12,'admin','0001_initial','2026-03-28 23:03:31.330408');
INSERT INTO "django_migrations" VALUES(13,'admin','0002_logentry_remove_auto_add','2026-03-28 23:03:31.352289');
INSERT INTO "django_migrations" VALUES(14,'admin','0003_logentry_add_action_flag_choices','2026-03-28 23:03:31.367080');
INSERT INTO "django_migrations" VALUES(15,'contenttypes','0002_remove_content_type_name','2026-03-28 23:03:31.395708');
INSERT INTO "django_migrations" VALUES(16,'auth','0002_alter_permission_name_max_length','2026-03-28 23:03:31.417298');
INSERT INTO "django_migrations" VALUES(17,'auth','0003_alter_user_email_max_length','2026-03-28 23:03:31.435794');
INSERT INTO "django_migrations" VALUES(18,'auth','0004_alter_user_username_opts','2026-03-28 23:03:31.450082');
INSERT INTO "django_migrations" VALUES(19,'auth','0005_alter_user_last_login_null','2026-03-28 23:03:31.469784');
INSERT INTO "django_migrations" VALUES(20,'auth','0006_require_contenttypes_0002','2026-03-28 23:03:31.477682');
INSERT INTO "django_migrations" VALUES(21,'auth','0007_alter_validators_add_error_messages','2026-03-28 23:03:31.492197');
INSERT INTO "django_migrations" VALUES(22,'auth','0008_alter_user_username_max_length','2026-03-28 23:03:31.513558');
INSERT INTO "django_migrations" VALUES(23,'auth','0009_alter_user_last_name_max_length','2026-03-28 23:03:31.531853');
INSERT INTO "django_migrations" VALUES(24,'auth','0010_alter_group_name_max_length','2026-03-28 23:03:31.553001');
INSERT INTO "django_migrations" VALUES(25,'auth','0011_update_proxy_permissions','2026-03-28 23:03:31.567872');
INSERT INTO "django_migrations" VALUES(26,'auth','0012_alter_user_first_name_max_length','2026-03-28 23:03:31.587472');
INSERT INTO "django_migrations" VALUES(27,'core','0001_initial','2026-03-28 23:03:31.618434');
INSERT INTO "django_migrations" VALUES(28,'listings','0001_initial','2026-03-28 23:03:31.647442');
INSERT INTO "django_migrations" VALUES(29,'bookings','0001_initial','2026-03-28 23:03:31.674958');
INSERT INTO "django_migrations" VALUES(30,'bookings','0002_booking_created_at_alter_booking_listing_and_more','2026-03-28 23:03:31.718313');
INSERT INTO "django_migrations" VALUES(31,'core','0002_remove_listing_price_per_month_and_more','2026-03-28 23:03:31.830384');
INSERT INTO "django_migrations" VALUES(32,'core','0003_listing_price_per_hour_alter_listing_location_and_more','2026-03-28 23:03:31.872160');
INSERT INTO "django_migrations" VALUES(33,'core','0004_listing_body_style_listing_fuel_type_and_more','2026-03-28 23:03:31.946330');
INSERT INTO "django_migrations" VALUES(34,'core','0005_listing_verification_status','2026-03-28 23:03:31.969593');
INSERT INTO "django_migrations" VALUES(35,'messaging','0001_initial','2026-03-28 23:03:31.997009');
INSERT INTO "django_migrations" VALUES(36,'sessions','0001_initial','2026-03-28 23:03:32.019515');
INSERT INTO "django_migrations" VALUES(37,'sites','0001_initial','2026-03-28 23:03:32.031856');
INSERT INTO "django_migrations" VALUES(38,'sites','0002_alter_domain_unique','2026-03-28 23:03:32.047372');
INSERT INTO "django_migrations" VALUES(39,'socialaccount','0001_initial','2026-03-28 23:03:32.115505');
INSERT INTO "django_migrations" VALUES(40,'socialaccount','0002_token_max_lengths','2026-03-28 23:03:32.161187');
INSERT INTO "django_migrations" VALUES(41,'socialaccount','0003_extra_data_default_dict','2026-03-28 23:03:32.181394');
INSERT INTO "django_migrations" VALUES(42,'socialaccount','0004_app_provider_id_settings','2026-03-28 23:03:32.220373');
INSERT INTO "django_migrations" VALUES(43,'socialaccount','0005_socialtoken_nullable_app','2026-03-28 23:03:32.250528');
INSERT INTO "django_migrations" VALUES(44,'socialaccount','0006_alter_socialaccount_extra_data','2026-03-28 23:03:32.278097');
INSERT INTO "django_migrations" VALUES(45,'users','0001_initial','2026-03-28 23:03:32.342702');
INSERT INTO "django_migrations" VALUES(46,'users','0002_userprofile','2026-03-28 23:03:32.370679');
INSERT INTO "django_migrations" VALUES(47,'listings','0002_listing_image','2026-03-28 23:48:52.804546');
CREATE TABLE "django_session" ("session_key" varchar(40) NOT NULL PRIMARY KEY, "session_data" text NOT NULL, "expire_date" datetime NOT NULL);
INSERT INTO "django_session" VALUES('6jgfs2ncvb781r5pykgori7dpz18qtfu','.eJxVjDsOwjAQRO_iGln2-kco6TmDtfaucQA5UpxUiLuTSCmgnHlv5i0irkuNa-c5jiQuQovTb5cwP7ntgB7Y7pPMU1vmMcldkQft8jYRv66H-3dQsddtHRyDRhOCLTiclVNIviSbmWjLmiFwycYCsg2Z1OABnAHjfHEJFXnx-QLq5jf-:1w6ciV:Onzu3qDwolTg3AVW-ZDfKnEuCC-SzRDAmKOXUGI69MY','2026-04-11 23:05:19.431142');
CREATE TABLE "django_site" ("id" integer NOT NULL PRIMARY KEY AUTOINCREMENT, "name" varchar(50) NOT NULL, "domain" varchar(100) NOT NULL UNIQUE);
INSERT INTO "django_site" VALUES(1,'example.com','example.com');
CREATE TABLE "listings_listing" ("id" integer NOT NULL PRIMARY KEY AUTOINCREMENT, "title" varchar(255) NOT NULL, "description" text NOT NULL, "property_type" varchar(50) NOT NULL, "price_per_month" decimal NOT NULL, "location" varchar(255) NOT NULL, "available" bool NOT NULL, "created_at" datetime NOT NULL, "owner_id" integer NOT NULL REFERENCES "auth_user" ("id") DEFERRABLE INITIALLY DEFERRED, "image" varchar(100) NULL);
CREATE TABLE "messaging_message" ("id" integer NOT NULL PRIMARY KEY AUTOINCREMENT, "content" text NOT NULL, "created_at" datetime NOT NULL, "read" bool NOT NULL, "listing_id" bigint NOT NULL REFERENCES "core_listing" ("id") DEFERRABLE INITIALLY DEFERRED, "receiver_id" integer NOT NULL REFERENCES "auth_user" ("id") DEFERRABLE INITIALLY DEFERRED, "sender_id" integer NOT NULL REFERENCES "auth_user" ("id") DEFERRABLE INITIALLY DEFERRED);
CREATE TABLE "socialaccount_socialaccount" ("id" integer NOT NULL PRIMARY KEY AUTOINCREMENT, "provider" varchar(200) NOT NULL, "uid" varchar(191) NOT NULL, "last_login" datetime NOT NULL, "date_joined" datetime NOT NULL, "user_id" integer NOT NULL REFERENCES "auth_user" ("id") DEFERRABLE INITIALLY DEFERRED, "extra_data" text NOT NULL CHECK ((JSON_VALID("extra_data") OR "extra_data" IS NULL)));
CREATE TABLE "socialaccount_socialapp" ("id" integer NOT NULL PRIMARY KEY AUTOINCREMENT, "provider" varchar(30) NOT NULL, "name" varchar(40) NOT NULL, "client_id" varchar(191) NOT NULL, "secret" varchar(191) NOT NULL, "key" varchar(191) NOT NULL, "provider_id" varchar(200) NOT NULL, "settings" text NOT NULL CHECK ((JSON_VALID("settings") OR "settings" IS NULL)));
CREATE TABLE "socialaccount_socialapp_sites" ("id" integer NOT NULL PRIMARY KEY AUTOINCREMENT, "socialapp_id" integer NOT NULL REFERENCES "socialaccount_socialapp" ("id") DEFERRABLE INITIALLY DEFERRED, "site_id" integer NOT NULL REFERENCES "django_site" ("id") DEFERRABLE INITIALLY DEFERRED);
CREATE TABLE "socialaccount_socialtoken" ("id" integer NOT NULL PRIMARY KEY AUTOINCREMENT, "token" text NOT NULL, "token_secret" text NOT NULL, "expires_at" datetime NULL, "account_id" integer NOT NULL REFERENCES "socialaccount_socialaccount" ("id") DEFERRABLE INITIALLY DEFERRED, "app_id" integer NULL REFERENCES "socialaccount_socialapp" ("id") DEFERRABLE INITIALLY DEFERRED);
CREATE TABLE "users_platformnotification" ("id" integer NOT NULL PRIMARY KEY AUTOINCREMENT, "title" varchar(180) NOT NULL, "message" text NOT NULL, "is_active" bool NOT NULL, "created_at" datetime NOT NULL, "created_by_id" integer NULL REFERENCES "auth_user" ("id") DEFERRABLE INITIALLY DEFERRED, "recipient_id" integer NULL REFERENCES "auth_user" ("id") DEFERRABLE INITIALLY DEFERRED);
CREATE TABLE "users_userdocument" ("id" integer NOT NULL PRIMARY KEY AUTOINCREMENT, "document_type" varchar(32) NOT NULL, "document_file" varchar(100) NOT NULL, "status" varchar(16) NOT NULL, "submitted_at" datetime NOT NULL, "reviewed_at" datetime NULL, "review_notes" text NOT NULL, "reviewed_by_id" integer NULL REFERENCES "auth_user" ("id") DEFERRABLE INITIALLY DEFERRED, "user_id" integer NOT NULL REFERENCES "auth_user" ("id") DEFERRABLE INITIALLY DEFERRED);
CREATE TABLE "users_usernotificationread" ("id" integer NOT NULL PRIMARY KEY AUTOINCREMENT, "read_at" datetime NOT NULL, "notification_id" bigint NOT NULL REFERENCES "users_platformnotification" ("id") DEFERRABLE INITIALLY DEFERRED, "user_id" integer NOT NULL REFERENCES "auth_user" ("id") DEFERRABLE INITIALLY DEFERRED);
CREATE TABLE "users_userprofile" ("id" integer NOT NULL PRIMARY KEY AUTOINCREMENT, "avatar" varchar(100) NULL, "phone" varchar(32) NOT NULL, "bio" text NOT NULL, "updated_at" datetime NOT NULL, "user_id" integer NOT NULL UNIQUE REFERENCES "auth_user" ("id") DEFERRABLE INITIALLY DEFERRED);
INSERT INTO "users_userprofile" VALUES(1,'','','','2026-03-28 23:05:19.495652',1);
CREATE UNIQUE INDEX "auth_group_permissions_group_id_permission_id_0cd325b0_uniq" ON "auth_group_permissions" ("group_id", "permission_id");
CREATE INDEX "auth_group_permissions_group_id_b120cbf9" ON "auth_group_permissions" ("group_id");
CREATE INDEX "auth_group_permissions_permission_id_84c5c92e" ON "auth_group_permissions" ("permission_id");
CREATE UNIQUE INDEX "auth_user_groups_user_id_group_id_94350c0c_uniq" ON "auth_user_groups" ("user_id", "group_id");
CREATE INDEX "auth_user_groups_user_id_6a12ed8b" ON "auth_user_groups" ("user_id");
CREATE INDEX "auth_user_groups_group_id_97559544" ON "auth_user_groups" ("group_id");
CREATE UNIQUE INDEX "auth_user_user_permissions_user_id_permission_id_14a6b632_uniq" ON "auth_user_user_permissions" ("user_id", "permission_id");
CREATE INDEX "auth_user_user_permissions_user_id_a95ead1b" ON "auth_user_user_permissions" ("user_id");
CREATE INDEX "auth_user_user_permissions_permission_id_1fbb5f2c" ON "auth_user_user_permissions" ("permission_id");
CREATE INDEX "account_emailconfirmation_email_address_id_5b7f8c58" ON "account_emailconfirmation" ("email_address_id");
CREATE UNIQUE INDEX "account_emailaddress_user_id_email_987c8728_uniq" ON "account_emailaddress" ("user_id", "email");
CREATE UNIQUE INDEX "unique_verified_email" ON "account_emailaddress" ("email") WHERE "verified";
CREATE INDEX "account_emailaddress_user_id_2c513194" ON "account_emailaddress" ("user_id");
CREATE INDEX "account_emailaddress_email_03be32b2" ON "account_emailaddress" ("email");
CREATE UNIQUE INDEX "unique_primary_email" ON "account_emailaddress" ("user_id", "primary") WHERE "primary";
CREATE INDEX "django_admin_log_content_type_id_c4bce8eb" ON "django_admin_log" ("content_type_id");
CREATE INDEX "django_admin_log_user_id_c564eba6" ON "django_admin_log" ("user_id");
CREATE UNIQUE INDEX "django_content_type_app_label_model_76bd3d3b_uniq" ON "django_content_type" ("app_label", "model");
CREATE UNIQUE INDEX "auth_permission_content_type_id_codename_01ab375a_uniq" ON "auth_permission" ("content_type_id", "codename");
CREATE INDEX "auth_permission_content_type_id_2f476e4b" ON "auth_permission" ("content_type_id");
CREATE INDEX "core_listingimage_listing_id_a01011cb" ON "core_listingimage" ("listing_id");
CREATE INDEX "listings_listing_owner_id_1628c897" ON "listings_listing" ("owner_id");
CREATE INDEX "bookings_booking_user_id_834dfc23" ON "bookings_booking" ("user_id");
CREATE INDEX "bookings_booking_listing_id_3af24c7b" ON "bookings_booking" ("listing_id");
CREATE INDEX "core_listing_owner_id_49631ba4" ON "core_listing" ("owner_id");
CREATE INDEX "core_listing_verification_status_783ee908" ON "core_listing" ("verification_status");
CREATE INDEX "messaging_message_listing_id_6098eca3" ON "messaging_message" ("listing_id");
CREATE INDEX "messaging_message_receiver_id_00da1113" ON "messaging_message" ("receiver_id");
CREATE INDEX "messaging_message_sender_id_7a7088e6" ON "messaging_message" ("sender_id");
CREATE INDEX "django_session_expire_date_a5c62663" ON "django_session" ("expire_date");
CREATE UNIQUE INDEX "socialaccount_socialapp_sites_socialapp_id_site_id_71a9a768_uniq" ON "socialaccount_socialapp_sites" ("socialapp_id", "site_id");
CREATE INDEX "socialaccount_socialapp_sites_socialapp_id_97fb6e7d" ON "socialaccount_socialapp_sites" ("socialapp_id");
CREATE INDEX "socialaccount_socialapp_sites_site_id_2579dee5" ON "socialaccount_socialapp_sites" ("site_id");
CREATE UNIQUE INDEX "socialaccount_socialtoken_app_id_account_id_fca4e0ac_uniq" ON "socialaccount_socialtoken" ("app_id", "account_id");
CREATE INDEX "socialaccount_socialtoken_account_id_951f210e" ON "socialaccount_socialtoken" ("account_id");
CREATE INDEX "socialaccount_socialtoken_app_id_636a42d7" ON "socialaccount_socialtoken" ("app_id");
CREATE UNIQUE INDEX "socialaccount_socialaccount_provider_uid_fc810c6e_uniq" ON "socialaccount_socialaccount" ("provider", "uid");
CREATE INDEX "socialaccount_socialaccount_user_id_8146e70c" ON "socialaccount_socialaccount" ("user_id");
CREATE INDEX "users_platformnotification_created_by_id_0531def3" ON "users_platformnotification" ("created_by_id");
CREATE INDEX "users_platformnotification_recipient_id_4ecea10d" ON "users_platformnotification" ("recipient_id");
CREATE INDEX "users_userdocument_reviewed_by_id_bd87aa83" ON "users_userdocument" ("reviewed_by_id");
CREATE INDEX "users_userdocument_user_id_f8679d64" ON "users_userdocument" ("user_id");
CREATE UNIQUE INDEX "users_usernotificationread_user_id_notification_id_695e8850_uniq" ON "users_usernotificationread" ("user_id", "notification_id");
CREATE INDEX "users_usernotificationread_notification_id_af8f7208" ON "users_usernotificationread" ("notification_id");
CREATE INDEX "users_usernotificationread_user_id_284cd094" ON "users_usernotificationread" ("user_id");
DELETE FROM "sqlite_sequence";
INSERT INTO "sqlite_sequence" VALUES('django_migrations',47);
INSERT INTO "sqlite_sequence" VALUES('account_emailaddress',0);
INSERT INTO "sqlite_sequence" VALUES('django_admin_log',0);
INSERT INTO "sqlite_sequence" VALUES('django_content_type',21);
INSERT INTO "sqlite_sequence" VALUES('auth_permission',84);
INSERT INTO "sqlite_sequence" VALUES('auth_group',0);
INSERT INTO "sqlite_sequence" VALUES('auth_user',1);
INSERT INTO "sqlite_sequence" VALUES('bookings_booking',0);
INSERT INTO "sqlite_sequence" VALUES('core_listing',0);
INSERT INTO "sqlite_sequence" VALUES('django_site',1);
INSERT INTO "sqlite_sequence" VALUES('socialaccount_socialapp',0);
INSERT INTO "sqlite_sequence" VALUES('socialaccount_socialtoken',0);
INSERT INTO "sqlite_sequence" VALUES('socialaccount_socialaccount',0);
INSERT INTO "sqlite_sequence" VALUES('users_userprofile',1);
COMMIT;
